Type,Date,Timings
Holiday,11-04-2025,No bell ringing
Holiday,12-04-2025,No bell ringing
Holiday,13-04-2025,No bell ringing
Holiday,14-04-2025,No bell ringing
Holiday,15-04-2025,No bell ringing
Holiday,16-04-2025,No bell ringing
Holiday,17-04-2025,No bell ringing
Holiday,18-04-2025,No bell ringing
Holiday,19-04-2025,No bell ringing
Holiday,20-04-2025,No bell ringing
Holiday,21-04-2025,No bell ringing
Holiday,22-04-2025,No bell ringing
Holiday,23-04-2025,No bell ringing
Holiday,24-04-2025,No bell ringing
Holiday,25-04-2025,No bell ringing
Holiday,26-04-2025,No bell ringing
Holiday,27-04-2025,No bell ringing
Holiday,28-04-2025,No bell ringing
Holiday,29-04-2025,No bell ringing
Holiday,30-04-2025,No bell ringing
